INSERT INTO sale.sale (id_users, id_client, id_detail, stock) VALUES
(1, 1, 1, 100),
(2, 2, 2, 50),
(3, 3, 3, 75),
(4, 4, 4, 30),
(5, 5, 5, 60),
(6, 6, 6, 20),
(7, 7, 7, 110),
(8, 8, 8, 90),
(9, 9, 9, 40),
(10, 10, 10, 25),
(1, 1, 1, 120),
(2, 2, 2, 60),
(3, 3, 3, 80),
(4, 4, 4, 45),
(5, 5, 5, 65),
(6, 6, 6, 30),
(7, 7, 7, 115),
(8, 8, 8, 100),
(9, 9, 9, 50),
(10, 10, 10, 30),
(1, 1, 1, 110),
(2, 2, 2, 70),
(3, 3, 3, 85),
(4, 4, 4, 50),
(5, 5, 5, 75),
(6, 6, 6, 40),
(7, 7, 7, 120),
(8, 8, 8, 95),
(9, 9, 9, 55),
(10, 10, 10, 25),
(1, 1, 1, 130),
(2, 2, 2, 80),
(3, 3, 3, 90),
(4, 4, 4, 60),
(5, 5, 5, 85),
(6, 6, 6, 35),
(7, 7, 7, 125),
(8, 8, 8, 110),
(9, 9, 9, 60),
(10, 10, 10, 40),
(1, 1, 1, 140),
(2, 2, 2, 50),
(3, 3, 3, 95),
(4, 4, 4, 70),
(5, 5, 5, 90),
(6, 6, 6, 45),
(7, 7, 7, 135),
(8, 8, 8, 120),
(9, 9, 9, 65),
(10, 10, 10, 50),
(1, 1, 1, 150),
(2, 2, 2, 55),
(3, 3, 3, 100),
(4, 4, 4, 75),
(5, 5, 5, 95),
(6, 6, 6, 50),
(7, 7, 7, 140),
(8, 8, 8, 130),
(9, 9, 9, 70),
(10, 10, 10, 60),
(1, 1, 1, 155),
(2, 2, 2, 65),
(3, 3, 3, 110),
(4, 4, 4, 80),
(5, 5, 5, 100),
(6, 6, 6, 55),
(7, 7, 7, 145),
(8, 8, 8, 135),
(9, 9, 9, 75),
(10, 10, 10, 65),
(1, 1, 1, 160),
(2, 2, 2, 75),
(3, 3, 3, 120),
(4, 4, 4, 85),
(5, 5, 5, 110),
(6, 6, 6, 60),
(7, 7, 7, 150),
(8, 8, 8, 140),
(9, 9, 9, 80),
(10, 10, 10, 70);

INSERT INTO sale.client(name_client) 
VALUES 	('Juan'),
		('Julia'),
		('Ruth'),
		('Jhon'),
		('Maria'),
		('Luz'),
		('Julio'),
		('Rosario'),
		('Jhonny'),
		('Belen');

INSERT INTO sale.sale_detail (id_item, cost_detail, amount) VALUES
(1, 150, 10),
(2, 200, 5),
(3, 120, 15),
(4, 300, 2),
(5, 250, 7),
(6, 175, 8),
(7, 320, 4),
(8, 180, 12),
(9, 220, 6),
(10, 280, 3);

INSERT INTO store.store (id_users, id_item, motion, amount_store, final_amount) VALUES
(1, 1, 'i', 100, 1000),
(2, 2, 's', 50, 450),
(3, 3, 'i', 200, 1200),
(4, 4, 's', 30, 150),
(5, 5, 'i', 80, 600),
(6, 6, 's', 20, 300),
(7, 7, 'i', 150, 1200),
(8, 8, 's', 10, 80),
(9, 9, 'i', 120, 850),
(10, 10, 's', 60, 200);

INSERT INTO store.item(name_item, description_item) 
VALUES 	('Arroz 1kg', 'Arroz blanco de grano largo, ideal para acompañamientos'),
    	('Leche Entera 1L', 'Leche pasteurizada de vaca, rica en calcio y vitaminas'),
    	('Pan de Molde', 'Pan de molde blanco, esponjoso y listo para sándwiches'),
    	('Huevos Docena', 'Huevos frescos de gallina, categoría A'),
    	('Aceite de Girasol 1L', 'Aceite vegetal para cocinar y freír'),
    	('Azúcar 1kg', 'Azúcar refinada para endulzar bebidas y postres'),
   		('Sal 500g', 'Sal de mesa yodada para cocinar'),
    	('Harina de Trigo 1kg', 'Harina refinada ideal para panadería y repostería'),
    	('Jabón en Barra', 'Jabón de baño con aroma refrescante'),
    	('Papel Higiénico 4 Rollos', 'Papel suave y resistente para uso diario');

INSERT INTO users.users (name_users, password_users) VALUES
('alice_smith', 'password123'),
('bob_jones', 'securepass456'),
('carol_doe', 'mypassword789'),
('david_white', 'adminpass101'),
('eva_brown', 'eva12345'),
('frank_green', 'frank56789'),
('grace_hall', 'gracepass123'),
('henry_king', 'kingpassword101'),
('irene_wilson', 'irene09876'),
('jack_martin', 'jackpass111');

INSERT INTO users.position (name_position, description_position) 
VALUES  
    ('Cajero', 'Encargado de cobrar y atender clientes en caja'),
    ('Supervisor', 'Supervisa las operaciones diarias del supermercado'),
    ('Reponedor', 'Reabastece productos en los estantes'),
    ('Gerente', 'Responsable de la administración del supermercado'),
    ('Seguridad', 'Vigila y protege el establecimiento'),
    ('Limpieza', 'Encargado del aseo y mantenimiento'),
    ('Carnicero', 'Especialista en corte y preparación de carnes'),
    ('Panadero', 'Responsable de la elaboración de pan y repostería'),
    ('Frutero', 'Encargado de la sección de frutas y verduras'),
    ('Atención al Cliente', 'Brinda soporte y ayuda a los clientes');

INSERT INTO users.area (location_area, description_area, number_area) 
VALUES  
    ('Entrada', 'Área de acceso al supermercado', 1),
    ('Cajas', 'Zona donde se realizan los pagos', 2),
    ('Lácteos', 'Sección de productos lácteos', 3),
    ('Carnicería', 'Área de venta de carne y embutidos', 4),
    ('Panadería', 'Sección de pan y pasteles', 5),
    ('Bebidas', 'Zona de refrescos y licores', 6),
    ('Aseo', 'Productos de limpieza e higiene personal', 7),
    ('Congelados', 'Sección de alimentos congelados', 8),
    ('Frutas y Verduras', 'Área de frutas y verduras frescas', 9),
    ('Bodega', 'Espacio de almacenamiento de productos', 10);

INSERT INTO users.employee (id_users, name_employee, ap_paterno, ap_materno) VALUES
(1, 'Alice Smith', 'Smith', 'Johnson'),
(2, 'Bob Jones', 'Jones', 'Davis'),
(3, 'Carol Doe', 'Doe', 'Martinez'),
(4, 'David White', 'White', 'Garcia'),
(5, 'Eva Brown', 'Brown', 'Lopez'),
(6, 'Frank Green', 'Green', 'Hernandez'),
(7, 'Grace Hall', 'Hall', 'Rodriguez'),
(8, 'Henry King', 'King', 'Lopez'),
(9, 'Irene Wilson', 'Wilson', 'Perez'),
(10, 'Jack Martin', 'Martin', 'Sanchez');

INSERT INTO users.contract (id_employee, id_position, type_contract, time_contrat) 
VALUES  
    (1, 1, 'Indefinido', 12),
    (2, 2, 'Temporal', 6),
    (3, 3, 'Indefinido', 24),
    (4, 4, 'Indefinido', 12),
    (5, 5, 'Temporal', 3),
    (6, 6, 'Indefinido', 18),
    (7, 7, 'Indefinido', 24),
    (8, 8, 'Temporal', 6),
    (9, 9, 'Indefinido', 12),
    (10, 10, 'Temporal', 3);

INSERT INTO users.assing_area (id_employee, id_area) VALUES
(1, 1),
(2, 2),
(3, 3),
(4, 4),
(5, 5),
(6, 6),
(7, 7),
(8, 8),
(9, 9),
(10, 10);

INSERT INTO users.control_access (id_users, admin_control_access, buys_control_access, sale_control_access, store_control_access) 
VALUES  
    (1, 'Y', 'Y', 'Y', 'Y'),
    (2, 'N', 'Y', 'Y', 'N'),
    (3, 'N', 'N', 'Y', 'Y'),
    (4, 'Y', 'N', 'Y', 'N'),
    (5, 'N', 'Y', 'N', 'Y'),
    (6, 'N', 'N', 'Y', 'N'),
    (7, 'Y', 'Y', 'N', 'Y'),
    (8, 'N', 'Y', 'Y', 'N'),
    (9, 'Y', 'N', 'N', 'Y'),
    (10, 'N', 'Y', 'N', 'Y');

INSERT INTO buys.buys (id_users, id_buys_detail, id_buys_supplier, date_buys) VALUES
(1, 1, 1, '2025-03-01'),
(2, 2, 2, '2025-03-02'),
(3, 3, 3, '2025-03-03'),
(4, 4, 4, '2025-03-04'),
(5, 5, 5, '2025-03-05'),
(6, 6, 6, '2025-03-06'),
(7, 7, 7, '2025-03-07'),
(8, 8, 8, '2025-03-08'),
(9, 9, 9, '2025-03-09'),
(10, 10, 10, '2025-03-10'),
(1, 1, 1, '2025-03-11'),
(2, 2, 2, '2025-03-12'),
(3, 3, 3, '2025-03-13'),
(4, 4, 4, '2025-03-14'),
(5, 5, 5, '2025-03-15'),
(6, 6, 6, '2025-03-16'),
(7, 7, 7, '2025-03-17'),
(8, 8, 8, '2025-03-18'),
(9, 9, 9, '2025-03-19'),
(10, 10, 10, '2025-03-20'),
(1, 1, 1, '2025-03-21'),
(2, 2, 2, '2025-03-22'),
(3, 3, 3, '2025-03-23'),
(4, 4, 4, '2025-03-24'),
(5, 5, 5, '2025-03-25'),
(6, 6, 6, '2025-03-26'),
(7, 7, 7, '2025-03-27'),
(8, 8, 8, '2025-03-28'),
(9, 9, 9, '2025-03-29'),
(10, 10, 10, '2025-03-30'),
(1, 1, 1, '2025-03-31'),
(2, 2, 2, '2025-04-01'),
(3, 3, 3, '2025-04-02'),
(4, 4, 4, '2025-04-03'),
(5, 5, 5, '2025-04-04'),
(6, 6, 6, '2025-04-05'),
(7, 7, 7, '2025-04-06'),
(8, 8, 8, '2025-04-07'),
(9, 9, 9, '2025-04-08'),
(10, 10, 10, '2025-04-09'),
(1, 1, 1, '2025-04-10'),
(2, 2, 2, '2025-04-11'),
(3, 3, 3, '2025-04-12'),
(4, 4, 4, '2025-04-13'),
(5, 5, 5, '2025-04-14'),
(6, 6, 6, '2025-04-15'),
(7, 7, 7, '2025-04-16'),
(8, 8, 8, '2025-04-17'),
(9, 9, 9, '2025-04-18'),
(10, 10, 10, '2025-04-19'),
(1, 1, 1, '2025-04-20'),
(2, 2, 2, '2025-04-21'),
(3, 3, 3, '2025-04-22'),
(4, 4, 4, '2025-04-23'),
(5, 5, 5, '2025-04-24'),
(6, 6, 6, '2025-04-25'),
(7, 7, 7, '2025-04-26'),
(8, 8, 8, '2025-04-27'),
(9, 9, 9, '2025-04-28'),
(10, 10, 10, '2025-04-29'),
(1, 1, 1, '2025-04-30'),
(2, 2, 2, '2025-05-01'),
(3, 3, 3, '2025-05-02'),
(4, 4, 4, '2025-05-03'),
(5, 5, 5, '2025-05-04'),
(6, 6, 6, '2025-05-05'),
(7, 7, 7, '2025-05-06'),
(8, 8, 8, '2025-05-07'),
(9, 9, 9, '2025-05-08'),
(10, 10, 10, '2025-05-09'),
(1, 1, 1, '2025-05-10'),
(2, 2, 2, '2025-05-11'),
(3, 3, 3, '2025-05-12'),
(4, 4, 4, '2025-05-13'),
(5, 5, 5, '2025-05-14'),
(6, 6, 6, '2025-05-15'),
(7, 7, 7, '2025-05-16'),
(8, 8, 8, '2025-05-17'),
(9, 9, 9, '2025-05-18'),
(10, 10, 10, '2025-05-19'),
(1, 1, 1, '2025-05-20'),
(2, 2, 2, '2025-05-21'),
(3, 3, 3, '2025-05-22'),
(4, 4, 4, '2025-05-23'),
(5, 5, 5, '2025-05-24'),
(6, 6, 6, '2025-05-25'),
(7, 7, 7, '2025-05-26'),
(8, 8, 8, '2025-05-27'),
(9, 9, 9, '2025-05-28'),
(10, 10, 10, '2025-05-29');

INSERT INTO buys.buys_supplier (supplier_name, company_name, email, number_phone) 
VALUES  
    ('Pedro López', 'Lácteos del Valle', 'pedro@lacteos.com', '555-1234'),
    ('María Pérez', 'Panadería La Espiga', 'maria@espiga.com', '555-5678'),
    ('Juan Torres', 'Frutas Selectas', 'juan@frutas.com', '555-8765'),
    ('Lucía Gómez', 'Carnes Premium', 'lucia@carnes.com', '555-4321'),
    ('Carlos Ramírez', 'Limpieza Total', 'carlos@limpieza.com', '555-6789'),
    ('Ana Martínez', 'Cerealera Nacional', 'ana@cereal.com', '555-3456'),
    ('José Fernández', 'Aceites San Juan', 'jose@aceites.com', '555-6543'),
    ('Elena Vargas', 'Pasta Fina', 'elena@pasta.com', '555-2345'),
    ('Diego Mendoza', 'Galletas Delicias', 'diego@galletas.com', '555-7890'),
    ('Laura Hernández', 'Papel y Más', 'laura@papel.com', '555-9876');

INSERT INTO buys.buys_detail (id_item, cost_detail, amount_detail) 
VALUES  
    (1, 15, 50),
    (2, 10, 30),
    (3, 5, 40),
    (4, 50, 20),
    (5, 25, 25),
    (6, 18, 35),
    (7, 45, 45),
    (8, 12, 60),
    (9, 20, 55),
    (10, 8, 70);

INSERT INTO promotion.promotion (id_item, amount_promotion, discount) 
VALUES  
    (1, 10, 5),
    (2, 15, 3),
    (3, 20, 4),
    (4, 5, 10),
    (5, 8, 6),
    (6, 12, 7),
    (7, 9, 8),
    (8, 25, 2),
    (9, 18, 9),
    (10, 30, 1);


